NumberSimple,Number,Name,Year,TypeMemb,c1,c2,c3,c4,c5,c6,c7,c8,c9,c10,c11,c12,c13,c14,c15,c16,c17,c18,c19,c20,c21,c22,c23,c24,c25,c26,c27,c28,c29,c30,c31,c32,c33,c34,c35,c36,c37,c38,c39,c40,c41,c42,c43,c44,c45,c46,c47,c48,c49,c50,c51,c52,c53,c54,c55,c56,c57,c58,c59,c60,c61,c62,c63,c64,c65,c66,c67,c68,c69,c70,c71,c72,c73,c74,c75,c76,c77,c78,c79,c80,c81,c82,c83,c84,c85,c86,c87,c88,c89,c90,c91
3,3+1,African Economic Community South Africa,1997,5,12,24,204,72,854,108,120,132,140,174,178,384,262,818,231,226,266,288,270,324,624,404,426,430,434,450,454,466,478,480,508,516,562,566,646,732,678,686,690,694,706,736,748,834,148,768,788,800,894,716,180,710,,,,,,,,,,,,,,,,,,,,,,,,,,,,,,,,,,,,,,,
16,16+2,Algeria EC Austria Finland Sweden accession,1994,6,12,40,246,752,,,,,,,,,,,,,,,,,,,,,,,,,,,,,,,,,,,,,,,,,,,,,,,,,,,,,,,,,,,,,,,,,,,,,,,,,,,,,,,,,,,,,,,
17,17+2,Algeria EC Euro-Med Association Agreement Bulgaria Romania accession,2005,6,12,100,642,,,,,,,,,,,,,,,,,,,,,,,,,,,,,,,,,,,,,,,,,,,,,,,,,,,,,,,,,,,,,,,,,,,,,,,,,,,,,,,,,,,,,,,,
17,17+1,Algeria EC Euro-Med Association Agreement Cyprus Czech Republic Estonia Hungary Latvia Lithuania Malta Poland Slovakia Slovenia accession,2003,6,12,196,203,233,348,428,440,470,616,703,705,,,,,,,,,,,,,,,,,,,,,,,,,,,,,,,,,,,,,,,,,,,,,,,,,,,,,,,,,,,,,,,,,,,,,,,,,,,,,,,,
16,16+1,Algeria EC Portugal Spain accession,1985,6,12,620,724,,,,,,,,,,,,,,,,,,,,,,,,,,,,,,,,,,,,,,,,,,,,,,,,,,,,,,,,,,,,,,,,,,,,,,,,,,,,,,,,,,,,,,,,
693,693_1,Andean Community Auto Agreement withdrawal Venezuela,2006,7,170,218,862,,,,,,,,,,,,,,,,,,,,,,,,,,,,,,,,,,,,,,,,,,,,,,,,,,,,,,,,,,,,,,,,,,,,,,,,,,,,,,,,,,,,,,,,
22,22_1,Andean Community Brazil withdrawal Venezuela,2006,7,170,218,604,76,862,,,,,,,,,,,,,,,,,,,,,,,,,,,,,,,,,,,,,,,,,,,,,,,,,,,,,,,,,,,,,,,,,,,,,,,,,,,,,,,,,,,,,,
25,25+1,Andean Countries MERCOSUR Venezuela accession,2006,6,170,218,862,862,,,,,,,,,,,,,,,,,,,,,,,,,,,,,,,,,,,,,,,,,,,,,,,,,,,,,,,,,,,,,,,,,,,,,,,,,,,,,,,,,,,,,,,
26,26+1,Andean Group Cartagena Agreement Venezuela accession,1973,5,68,152,170,218,604,862,,,,,,,,,,,,,,,,,,,,,,,,,,,,,,,,,,,,,,,,,,,,,,,,,,,,,,,,,,,,,,,,,,,,,,,,,,,,,,,,,,,,,
26,26_1,Andean Group Cartagena Agreement withdrawal Venezuela,2006,7,68,170,218,604,862,152,,,,,,,,,,,,,,,,,,,,,,,,,,,,,,,,,,,,,,,,,,,,,,,,,,,,,,,,,,,,,,,,,,,,,,,,,,,,,,,,,,,,,
28,28+1,Andorra EC Austria Finland Sweden accession,1994,6,20,40,246,752,,,,,,,,,,,,,,,,,,,,,,,,,,,,,,,,,,,,,,,,,,,,,,,,,,,,,,,,,,,,,,,,,,,,,,,,,,,,,,,,,,,,,,,
28,28+3,Andorra EC Bulgaria Romania accession,2005,6,20,100,642,,,,,,,,,,,,,,,,,,,,,,,,,,,,,,,,,,,,,,,,,,,,,,,,,,,,,,,,,,,,,,,,,,,,,,,,,,,,,,,,,,,,,,,,
28,28+2,Andorra EC Cyprus Czech Republic Estonia Hungary Latvia Lithuania Malta Poland Slovakia Slovenia accession,2003,6,20,196,203,233,348,428,440,470,616,703,705,,,,,,,,,,,,,,,,,,,,,,,,,,,,,,,,,,,,,,,,,,,,,,,,,,,,,,,,,,,,,,,,,,,,,,,,,,,,,,,,
29,29+1,Arab Common Market Libya accession,1975,5,818,400,368,760,434,,,,,,,,,,,,,,,,,,,,,,,,,,,,,,,,,,,,,,,,,,,,,,,,,,,,,,,,,,,,,,,,,,,,,,,,,,,,,,,,,,,,,,
64,64+3,Association of Southeast Asian Nations (ASEAN) FTA Cambodia accession,1999,5,96,360,458,608,702,764,704,418,104,116,,,,,,,,,,,,,,,,,,,,,,,,,,,,,,,,,,,,,,,,,,,,,,,,,,,,,,,,,,,,,,,,,,,,,,,,,,,,,,,,,
64,64+2,Association of Southeast Asian Nations (ASEAN) FTA Laos and Myanmar accession,1997,5,96,360,458,608,702,764,704,418,104,,,,,,,,,,,,,,,,,,,,,,,,,,,,,,,,,,,,,,,,,,,,,,,,,,,,,,,,,,,,,,,,,,,,,,,,,,,,,,,,,,
64,64+1,Association of Southeast Asian Nations (ASEAN) FTA Vietnam accession,1995,5,96,360,458,608,702,764,704,,,,,,,,,,,,,,,,,,,,,,,,,,,,,,,,,,,,,,,,,,,,,,,,,,,,,,,,,,,,,,,,,,,,,,,,,,,,,,,,,,,,
65,65+1,Association of Southeast Asian Nations (ASEAN) Preferential Trading Arrangements (PTA) Brunei accession,1984,5,360,458,608,702,764,96,,,,,,,,,,,,,,,,,,,,,,,,,,,,,,,,,,,,,,,,,,,,,,,,,,,,,,,,,,,,,,,,,,,,,,,,,,,,,,,,,,,,,
85,85+1,Austria EC Portugal Spain accession,1985,6,40,620,724,,,,,,,,,,,,,,,,,,,,,,,,,,,,,,,,,,,,,,,,,,,,,,,,,,,,,,,,,,,,,,,,,,,,,,,,,,,,,,,,,,,,,,,,
100,100+1,Bangkok Agreement China accession,2001,5,356,50,410,418,144,156,,,,,,,,,,,,,,,,,,,,,,,,,,,,,,,,,,,,,,,,,,,,,,,,,,,,,,,,,,,,,,,,,,,,,,,,,,,,,,,,,,,,,
108,108+3,Belarus Kazakh Kyrgyz Russia CU  Tajikistan accession,1998,5,112,398,643,417,762,,,,,,,,,,,,,,,,,,,,,,,,,,,,,,,,,,,,,,,,,,,,,,,,,,,,,,,,,,,,,,,,,,,,,,,,,,,,,,,,,,,,,,
108,108+1,Belarus Russia CU Kazakhstan accession,1996,5,112,643,398,,,,,,,,,,,,,,,,,,,,,,,,,,,,,,,,,,,,,,,,,,,,,,,,,,,,,,,,,,,,,,,,,,,,,,,,,,,,,,,,,,,,,,,,
108,108+2,Belarus Russia Kazakhstan CU Kyrgyz Republic accession,1996,5,112,398,643,417,,,,,,,,,,,,,,,,,,,,,,,,,,,,,,,,,,,,,,,,,,,,,,,,,,,,,,,,,,,,,,,,,,,,,,,,,,,,,,,,,,,,,,,
123,123+1,Bolivia MERCOSUR Venezuela accession,2006,6,68,862,,,,,,,,,,,,,,,,,,,,,,,,,,,,,,,,,,,,,,,,,,,,,,,,,,,,,,,,,,,,,,,,,,,,,,,,,,,,,,,,,,,,,,,,,
148,148+1,Bulgaria EC Austria Finland Sweden accession,1994,6,100,40,246,752,,,,,,,,,,,,,,,,,,,,,,,,,,,,,,,,,,,,,,,,,,,,,,,,,,,,,,,,,,,,,,,,,,,,,,,,,,,,,,,,,,,,,,,
148,148+2,Bulgaria EC Cyprus Czech Republic Estonia Hungary Latvia Lithuania Malta Poland Slovakia Slovenia accession,2003,6,100,196,203,233,348,428,440,470,616,703,705,,,,,,,,,,,,,,,,,,,,,,,,,,,,,,,,,,,,,,,,,,,,,,,,,,,,,,,,,,,,,,,,,,,,,,,,,,,,,,,,
149,149_1,"Bulgaria EFTA withdrawal Austria, Finland, Sweden",1994,7,100,438,352,578,756,40,246,752,,,,,,,,,,,,,,,,,,,,,,,,,,,,,,,,,,,,,,,,,,,,,,,,,,,,,,,,,,,,,,,,,,,,,,,,,,,,,,,,,,,
171,171+1,Caribbean Community (CARICOM) Bahamas accession,1983,5,28,52,84,212,308,328,388,500,659,662,670,780,44,,,,,,,,,,,,,,,,,,,,,,,,,,,,,,,,,,,,,,,,,,,,,,,,,,,,,,,,,,,,,,,,,,,,,,,,,,,,,,
177,177+2,Caribbean Community (CARICOM) revised Haiti accession,2002,5,28,52,44,84,212,308,328,388,500,659,662,670,740,780,332,,,,,,,,,,,,,,,,,,,,,,,,,,,,,,,,,,,,,,,,,,,,,,,,,,,,,,,,,,,,,,,,,,,,,,,,,,,,
171,171+2,Caribbean Community (CARICOM) Suriname accession,1995,5,28,52,44,84,212,308,328,388,500,659,662,670,780,740,,,,,,,,,,,,,,,,,,,,,,,,,,,,,,,,,,,,,,,,,,,,,,,,,,,,,,,,,,,,,,,,,,,,,,,,,,,,,
180,180+1,"Caribbean Free Trade Association (CARIFTA) Antigua and Barbuda, Barbados, Guyana and Trinidad and Tobago accession",1968,5,28,52,328,212,308,388,500,659,662,670,780,,,,,,,,,,,,,,,,,,,,,,,,,,,,,,,,,,,,,,,,,,,,,,,,,,,,,,,,,,,,,,,,,,,,,,,,,,,,,,,,
180,180+2,Caribbean Free Trade Association (CARIFTA) Belize accession,1971,5,28,52,328,212,308,388,500,659,662,670,780,84,,,,,,,,,,,,,,,,,,,,,,,,,,,,,,,,,,,,,,,,,,,,,,,,,,,,,,,,,,,,,,,,,,,,,,,,,,,,,,,
186,186+1,Central American Common Market (CACM) Costa Rica accession,1962,5,222,320,340,558,188,,,,,,,,,,,,,,,,,,,,,,,,,,,,,,,,,,,,,,,,,,,,,,,,,,,,,,,,,,,,,,,,,,,,,,,,,,,,,,,,,,,,,,
192,192+3,Central European Free Trade Agreement (CEFTA) Bulgaria accession,1998,5,203,348,616,703,705,642,100,,,,,,,,,,,,,,,,,,,,,,,,,,,,,,,,,,,,,,,,,,,,,,,,,,,,,,,,,,,,,,,,,,,,,,,,,,,,,,,,,,,,
192,192+4,Central European Free Trade Agreement (CEFTA) Croatia accession,2002,5,203,348,616,703,705,642,100,191,,,,,,,,,,,,,,,,,,,,,,,,,,,,,,,,,,,,,,,,,,,,,,,,,,,,,,,,,,,,,,,,,,,,,,,,,,,,,,,,,,,
192,192+5,Central European Free Trade Agreement (CEFTA) Macedonia accession,2006,5,642,100,191,807,,,,,,,,,,,,,,,,,,,,,,,,,,,,,,,,,,,,,,,,,,,,,,,,,,,,,,,,,,,,,,,,,,,,,,,,,,,,,,,,,,,,,,,
192,192+2,Central European Free Trade Agreement (CEFTA) Romania accession,1997,5,203,348,616,703,705,642,,,,,,,,,,,,,,,,,,,,,,,,,,,,,,,,,,,,,,,,,,,,,,,,,,,,,,,,,,,,,,,,,,,,,,,,,,,,,,,,,,,,,
192,192+1,Central European Free Trade Agreement (CEFTA) Slovenia accession,1995,5,203,348,616,703,705,,,,,,,,,,,,,,,,,,,,,,,,,,,,,,,,,,,,,,,,,,,,,,,,,,,,,,,,,,,,,,,,,,,,,,,,,,,,,,,,,,,,,,
193,193_1,Central European Free Trade Agreement (CEFTA) withdrawal Bulgaria and Romania,2007,7,8,70,191,807,498,499,688,900,100,642,,,,,,,,,,,,,,,,,,,,,,,,,,,,,,,,,,,,,,,,,,,,,,,,,,,,,,,,,,,,,,,,,,,,,,,,,,,,,,,,,
192,192_1,"Central European Free Trade Agreement (CEFTA) withdrawal Czech Republic, Hungary, Poland, Slovak Republic, Slovenia",2004,7,642,100,191,203,348,616,705,703,,,,,,,,,,,,,,,,,,,,,,,,,,,,,,,,,,,,,,,,,,,,,,,,,,,,,,,,,,,,,,,,,,,,,,,,,,,,,,,,,,,
202,202+2,Chile EC Bulgaria Romania accession,2005,6,152,100,642,,,,,,,,,,,,,,,,,,,,,,,,,,,,,,,,,,,,,,,,,,,,,,,,,,,,,,,,,,,,,,,,,,,,,,,,,,,,,,,,,,,,,,,,
202,202+1,Chile EC Cyprus Czech Republic Estonia Hungary Latvia Lithuania Malta Poland Slovakia Slovenia accession,2003,6,152,196,203,233,348,428,440,470,616,703,705,,,,,,,,,,,,,,,,,,,,,,,,,,,,,,,,,,,,,,,,,,,,,,,,,,,,,,,,,,,,,,,,,,,,,,,,,,,,,,,,
209,209+1,Chile MERCOSUR Venezuela accession,2006,6,152,862,,,,,,,,,,,,,,,,,,,,,,,,,,,,,,,,,,,,,,,,,,,,,,,,,,,,,,,,,,,,,,,,,,,,,,,,,,,,,,,,,,,,,,,,,
244,244_1,Commonwealth of Independent States (CIS) withdrawal Georgia,2009,7,51,31,112,417,398,498,643,762,795,804,860,268,,,,,,,,,,,,,,,,,,,,,,,,,,,,,,,,,,,,,,,,,,,,,,,,,,,,,,,,,,,,,,,,,,,,,,,,,,,,,,,
253,253+1,Cotonou Agreement Cyprus Czech Republic Estonia Hungary Latvia Lithuania Malta Poland Slovakia Slovenia accession,2003,6,24,28,44,52,72,108,84,120,140,148,180,132,184,262,212,214,231,232,204,242,266,270,288,308,324,624,226,328,332,388,404,296,174,426,430,384,454,450,466,584,478,480,508,583,562,566,520,570,178,598,585,646,659,662,670,90,686,694,678,690,706,736,740,748,768,834,776,780,798,548,800,882,854,894,716,710,196,203,233,348,428,440,470,616,703,705,,,,,
254,254+2,Croatia EC Bulgaria Romania accession,2005,6,191,100,642,,,,,,,,,,,,,,,,,,,,,,,,,,,,,,,,,,,,,,,,,,,,,,,,,,,,,,,,,,,,,,,,,,,,,,,,,,,,,,,,,,,,,,,,
254,254+1,Croatia EC Cyprus Czech Republic Estonia Hungary Latvia Lithuania Malta Poland Slovakia Slovenia accession,2003,6,191,196,203,233,348,428,440,470,616,703,705,,,,,,,,,,,,,,,,,,,,,,,,,,,,,,,,,,,,,,,,,,,,,,,,,,,,,,,,,,,,,,,,,,,,,,,,,,,,,,,,
267,267+1,Cuba MERCOSUR Venezuela accession,2006,6,192,862,,,,,,,,,,,,,,,,,,,,,,,,,,,,,,,,,,,,,,,,,,,,,,,,,,,,,,,,,,,,,,,,,,,,,,,,,,,,,,,,,,,,,,,,,
278,278+2,Cyprus EC Austria Finland Sweden accession,1994,6,196,40,246,752,,,,,,,,,,,,,,,,,,,,,,,,,,,,,,,,,,,,,,,,,,,,,,,,,,,,,,,,,,,,,,,,,,,,,,,,,,,,,,,,,,,,,,,
278,278+1,Cyprus EC Portugal Spain accession,1985,6,196,620,724,,,,,,,,,,,,,,,,,,,,,,,,,,,,,,,,,,,,,,,,,,,,,,,,,,,,,,,,,,,,,,,,,,,,,,,,,,,,,,,,,,,,,,,,
280,280+1,Czech Republic EC Austria Finland Sweden accession,1994,6,203,40,246,752,,,,,,,,,,,,,,,,,,,,,,,,,,,,,,,,,,,,,,,,,,,,,,,,,,,,,,,,,,,,,,,,,,,,,,,,,,,,,,,,,,,,,,,
294,293+1,EC (10) Enlargement ,1979,5,56,276,250,380,442,528,208,372,826,300,,,,,,,,,,,,,,,,,,,,,,,,,,,,,,,,,,,,,,,,,,,,,,,,,,,,,,,,,,,,,,,,,,,,,,,,,,,,,,,,,
295,293+2,EC (12) Enlargement ,1985,5,56,276,250,380,442,528,208,372,826,300,724,620,,,,,,,,,,,,,,,,,,,,,,,,,,,,,,,,,,,,,,,,,,,,,,,,,,,,,,,,,,,,,,,,,,,,,,,,,,,,,,,
296,293+3,EC (15) Enlargement,1994,5,56,276,250,380,442,528,208,372,826,300,724,620,40,246,752,,,,,,,,,,,,,,,,,,,,,,,,,,,,,,,,,,,,,,,,,,,,,,,,,,,,,,,,,,,,,,,,,,,,,,,,,,,,
297,293+4,EC (25) Enlargement,2003,5,56,276,250,380,442,528,208,372,826,300,724,620,40,246,752,233,428,440,196,470,203,705,703,348,616,,,,,,,,,,,,,,,,,,,,,,,,,,,,,,,,,,,,,,,,,,,,,,,,,,,,,,,,,,,,,,,,,,
298,293+5,EC (27) Enlargement,2005,5,56,276,250,380,442,528,208,372,826,300,724,620,40,246,752,233,428,440,196,470,203,705,703,348,616,100,642,,,,,,,,,,,,,,,,,,,,,,,,,,,,,,,,,,,,,,,,,,,,,,,,,,,,,,,,,,,,,,,,
299,293+6,EC (9) Enlargement,1972,5,56,276,250,380,442,528,208,372,826,,,,,,,,,,,,,,,,,,,,,,,,,,,,,,,,,,,,,,,,,,,,,,,,,,,,,,,,,,,,,,,,,,,,,,,,,,,,,,,,,,
302,302+2,EC Egypt Austria Finland Sweden accession,1994,6,818,40,246,752,,,,,,,,,,,,,,,,,,,,,,,,,,,,,,,,,,,,,,,,,,,,,,,,,,,,,,,,,,,,,,,,,,,,,,,,,,,,,,,,,,,,,,,
304,304+2,EC Egypt Euro-Med Association Agreement Bulgaria Romania accession,2005,6,818,100,642,,,,,,,,,,,,,,,,,,,,,,,,,,,,,,,,,,,,,,,,,,,,,,,,,,,,,,,,,,,,,,,,,,,,,,,,,,,,,,,,,,,,,,,,
304,304+1,EC Egypt Euro-Med Association Agreement Cyprus Czech Republic Estonia Hungary Latvia Lithuania Malta Poland Slovakia Slovenia accession,2003,6,818,196,203,233,348,428,440,470,616,703,705,,,,,,,,,,,,,,,,,,,,,,,,,,,,,,,,,,,,,,,,,,,,,,,,,,,,,,,,,,,,,,,,,,,,,,,,,,,,,,,,
302,302+1,EC Egypt Portugal Spain accession,1985,6,818,620,724,,,,,,,,,,,,,,,,,,,,,,,,,,,,,,,,,,,,,,,,,,,,,,,,,,,,,,,,,,,,,,,,,,,,,,,,,,,,,,,,,,,,,,,,
305,305+1,EC Estonia Austria Finland Sweden accession,1994,6,233,40,246,752,,,,,,,,,,,,,,,,,,,,,,,,,,,,,,,,,,,,,,,,,,,,,,,,,,,,,,,,,,,,,,,,,,,,,,,,,,,,,,,,,,,,,,,
308,308+1,EC Faroe Islands Agreement Austria Finland Sweden accession,1994,6,234,40,246,752,,,,,,,,,,,,,,,,,,,,,,,,,,,,,,,,,,,,,,,,,,,,,,,,,,,,,,,,,,,,,,,,,,,,,,,,,,,,,,,,,,,,,,,
307,307+2,EC Faroer Bulgaria Romania accession,2005,6,234,100,642,,,,,,,,,,,,,,,,,,,,,,,,,,,,,,,,,,,,,,,,,,,,,,,,,,,,,,,,,,,,,,,,,,,,,,,,,,,,,,,,,,,,,,,,
307,307+1,EC Faroer Cyprus Czech Republic Estonia Hungary Latvia Lithuania Malta Poland Slovakia Slovenia accession,2003,6,234,196,203,233,348,428,440,470,616,703,705,,,,,,,,,,,,,,,,,,,,,,,,,,,,,,,,,,,,,,,,,,,,,,,,,,,,,,,,,,,,,,,,,,,,,,,,,,,,,,,,
309,309+1,EC Finland Portugal Spain accession,1985,6,246,620,724,,,,,,,,,,,,,,,,,,,,,,,,,,,,,,,,,,,,,,,,,,,,,,,,,,,,,,,,,,,,,,,,,,,,,,,,,,,,,,,,,,,,,,,,
312,312+1,EC Hungary Austria Finland Sweden accession,1994,6,348,40,246,752,,,,,,,,,,,,,,,,,,,,,,,,,,,,,,,,,,,,,,,,,,,,,,,,,,,,,,,,,,,,,,,,,,,,,,,,,,,,,,,,,,,,,,,
313,313+1,EC Iceland Portugal Spain accession,1985,6,352,620,724,,,,,,,,,,,,,,,,,,,,,,,,,,,,,,,,,,,,,,,,,,,,,,,,,,,,,,,,,,,,,,,,,,,,,,,,,,,,,,,,,,,,,,,,
315,315+2,EC Israel Austria Finland Sweden accession,1994,6,376,40,246,752,,,,,,,,,,,,,,,,,,,,,,,,,,,,,,,,,,,,,,,,,,,,,,,,,,,,,,,,,,,,,,,,,,,,,,,,,,,,,,,,,,,,,,,
316,316+2,EC Israel Euro-Med Association Agreement Bulgaria Romania accession,2005,6,376,100,642,,,,,,,,,,,,,,,,,,,,,,,,,,,,,,,,,,,,,,,,,,,,,,,,,,,,,,,,,,,,,,,,,,,,,,,,,,,,,,,,,,,,,,,,
316,316+1,EC Israel Euro-Med Association Agreement Cyprus Czech Republic Estonia Hungary Latvia Lithuania Malta Poland Slovakia Slovenia accession,2003,6,376,196,203,233,348,428,440,470,616,703,705,,,,,,,,,,,,,,,,,,,,,,,,,,,,,,,,,,,,,,,,,,,,,,,,,,,,,,,,,,,,,,,,,,,,,,,,,,,,,,,,
315,315+1,EC Israel Portugal Spain accession,1985,6,376,620,724,,,,,,,,,,,,,,,,,,,,,,,,,,,,,,,,,,,,,,,,,,,,,,,,,,,,,,,,,,,,,,,,,,,,,,,,,,,,,,,,,,,,,,,,
317,317+2,EC Jordan Austria Finland Sweden accession,1994,6,400,40,246,752,,,,,,,,,,,,,,,,,,,,,,,,,,,,,,,,,,,,,,,,,,,,,,,,,,,,,,,,,,,,,,,,,,,,,,,,,,,,,,,,,,,,,,,
318,318+2,EC Jordan Euro-Med Association Agreement Bulgaria Romania accession,2005,6,400,100,642,,,,,,,,,,,,,,,,,,,,,,,,,,,,,,,,,,,,,,,,,,,,,,,,,,,,,,,,,,,,,,,,,,,,,,,,,,,,,,,,,,,,,,,,
318,318+1,EC Jordan Euro-Med Association Agreement Cyprus Czech Republic Estonia Hungary Latvia Lithuania Malta Poland Slovakia Slovenia accession,2003,6,400,196,203,233,348,428,440,470,616,703,705,,,,,,,,,,,,,,,,,,,,,,,,,,,,,,,,,,,,,,,,,,,,,,,,,,,,,,,,,,,,,,,,,,,,,,,,,,,,,,,,
317,317+1,EC Jordan Portugal Spain accession,1985,6,400,620,724,,,,,,,,,,,,,,,,,,,,,,,,,,,,,,,,,,,,,,,,,,,,,,,,,,,,,,,,,,,,,,,,,,,,,,,,,,,,,,,,,,,,,,,,
319,319+1,EC Latvia Austria Finland Sweden accession,1994,6,428,40,246,752,,,,,,,,,,,,,,,,,,,,,,,,,,,,,,,,,,,,,,,,,,,,,,,,,,,,,,,,,,,,,,,,,,,,,,,,,,,,,,,,,,,,,,,
322,322+2,EC Lebanon Austria Finland Sweden accession,1994,6,422,40,246,752,,,,,,,,,,,,,,,,,,,,,,,,,,,,,,,,,,,,,,,,,,,,,,,,,,,,,,,,,,,,,,,,,,,,,,,,,,,,,,,,,,,,,,,
323,323+2,EC Lebanon Euro-Med Association Agreement Bulgaria Romania accession,2005,6,422,100,642,,,,,,,,,,,,,,,,,,,,,,,,,,,,,,,,,,,,,,,,,,,,,,,,,,,,,,,,,,,,,,,,,,,,,,,,,,,,,,,,,,,,,,,,
323,323+1,EC Lebanon Euro-Med Association Agreement Cyprus Czech Republic Estonia Hungary Latvia Lithuania Malta Poland Slovakia Slovenia accession,2003,6,422,196,203,233,348,428,440,470,616,703,705,,,,,,,,,,,,,,,,,,,,,,,,,,,,,,,,,,,,,,,,,,,,,,,,,,,,,,,,,,,,,,,,,,,,,,,,,,,,,,,,
322,322+1,EC Lebanon Portgual Spain accession,1985,6,422,620,724,,,,,,,,,,,,,,,,,,,,,,,,,,,,,,,,,,,,,,,,,,,,,,,,,,,,,,,,,,,,,,,,,,,,,,,,,,,,,,,,,,,,,,,,
325,325+1,EC Lithuania Austria Finland Sweden accession,1994,6,440,40,246,752,,,,,,,,,,,,,,,,,,,,,,,,,,,,,,,,,,,,,,,,,,,,,,,,,,,,,,,,,,,,,,,,,,,,,,,,,,,,,,,,,,,,,,,
328,328+2,EC Macedonia SAA Bulgaria Romania accession,2005,6,807,100,642,,,,,,,,,,,,,,,,,,,,,,,,,,,,,,,,,,,,,,,,,,,,,,,,,,,,,,,,,,,,,,,,,,,,,,,,,,,,,,,,,,,,,,,,
328,328+1,EC Macedonia SAA Cyprus Czech Republic Estonia Hungary Latvia Lithuania Malta Poland Slovakia Slovenia accession,2003,6,807,196,203,233,348,428,440,470,616,703,705,,,,,,,,,,,,,,,,,,,,,,,,,,,,,,,,,,,,,,,,,,,,,,,,,,,,,,,,,,,,,,,,,,,,,,,,,,,,,,,,
329,329+2,EC Malta Austria Finland Sweden accession,1994,6,470,40,246,752,,,,,,,,,,,,,,,,,,,,,,,,,,,,,,,,,,,,,,,,,,,,,,,,,,,,,,,,,,,,,,,,,,,,,,,,,,,,,,,,,,,,,,,
329,329+1,EC Malta Portugal Spain accession,1985,6,470,620,724,,,,,,,,,,,,,,,,,,,,,,,,,,,,,,,,,,,,,,,,,,,,,,,,,,,,,,,,,,,,,,,,,,,,,,,,,,,,,,,,,,,,,,,,
330,330+2,EC Mexico Bulgaria Romania accession,2005,6,484,100,642,,,,,,,,,,,,,,,,,,,,,,,,,,,,,,,,,,,,,,,,,,,,,,,,,,,,,,,,,,,,,,,,,,,,,,,,,,,,,,,,,,,,,,,,
330,330+1,EC Mexico Cyprus Czech Republic Estonia Hungary Latvia Lithuania Malta Poland Slovakia Slovenia accession,2003,6,484,196,203,233,348,428,440,470,616,703,705,,,,,,,,,,,,,,,,,,,,,,,,,,,,,,,,,,,,,,,,,,,,,,,,,,,,,,,,,,,,,,,,,,,,,,,,,,,,,,,,
332,332+2,EC Morocco Austria Finland Sweden accession,1994,6,504,40,246,752,,,,,,,,,,,,,,,,,,,,,,,,,,,,,,,,,,,,,,,,,,,,,,,,,,,,,,,,,,,,,,,,,,,,,,,,,,,,,,,,,,,,,,,
334,334+2,EC Morocco Euro-Med Association Agreement Bulgaria Romania accession,2005,6,504,100,642,,,,,,,,,,,,,,,,,,,,,,,,,,,,,,,,,,,,,,,,,,,,,,,,,,,,,,,,,,,,,,,,,,,,,,,,,,,,,,,,,,,,,,,,
334,334+1,EC Morocco Euro-Med Association Agreement Cyprus Czech Republic Estonia Hungary Latvia Lithuania Malta Poland Slovakia Slovenia accession,2003,6,504,196,203,233,348,428,440,470,616,703,705,,,,,,,,,,,,,,,,,,,,,,,,,,,,,,,,,,,,,,,,,,,,,,,,,,,,,,,,,,,,,,,,,,,,,,,,,,,,,,,,
332,332+1,EC Morocco Portugal Spain accession,1985,6,504,620,724,,,,,,,,,,,,,,,,,,,,,,,,,,,,,,,,,,,,,,,,,,,,,,,,,,,,,,,,,,,,,,,,,,,,,,,,,,,,,,,,,,,,,,,,
336,336+1,EC Norway Portugal Spain accession,1985,6,578,620,724,,,,,,,,,,,,,,,,,,,,,,,,,,,,,,,,,,,,,,,,,,,,,,,,,,,,,,,,,,,,,,,,,,,,,,,,,,,,,,,,,,,,,,,,
337,337+1,EC Poland Austria Finland Sweden accession,1994,6,616,40,246,752,,,,,,,,,,,,,,,,,,,,,,,,,,,,,,,,,,,,,,,,,,,,,,,,,,,,,,,,,,,,,,,,,,,,,,,,,,,,,,,,,,,,,,,
340,340+1,EC Romania Austria Finland Sweden accession,1994,6,642,40,246,752,,,,,,,,,,,,,,,,,,,,,,,,,,,,,,,,,,,,,,,,,,,,,,,,,,,,,,,,,,,,,,,,,,,,,,,,,,,,,,,,,,,,,,,
341,341+1,EC San Marino Austria Finland Sweden accession,1994,6,674,40,246,752,,,,,,,,,,,,,,,,,,,,,,,,,,,,,,,,,,,,,,,,,,,,,,,,,,,,,,,,,,,,,,,,,,,,,,,,,,,,,,,,,,,,,,,
341,341+3,EC San Marino Bulgaria Romania accession,2005,6,674,100,642,,,,,,,,,,,,,,,,,,,,,,,,,,,,,,,,,,,,,,,,,,,,,,,,,,,,,,,,,,,,,,,,,,,,,,,,,,,,,,,,,,,,,,,,
341,341+2,EC San Marino Cyprus Czech Republic Estonia Hungary Latvia Lithuania Malta Poland Slovakia Slovenia accession,2003,6,674,196,203,233,348,428,440,470,616,703,705,,,,,,,,,,,,,,,,,,,,,,,,,,,,,,,,,,,,,,,,,,,,,,,,,,,,,,,,,,,,,,,,,,,,,,,,,,,,,,,,
344,344+1,EC Slovakia Austria Finland Sweden accession,1994,6,703,40,246,752,,,,,,,,,,,,,,,,,,,,,,,,,,,,,,,,,,,,,,,,,,,,,,,,,,,,,,,,,,,,,,,,,,,,,,,,,,,,,,,,,,,,,,,
345,345+1,EC Slovenia Austria Finland Sweden accession,1994,6,705,40,246,752,,,,,,,,,,,,,,,,,,,,,,,,,,,,,,,,,,,,,,,,,,,,,,,,,,,,,,,,,,,,,,,,,,,,,,,,,,,,,,,,,,,,,,,
347,347+2,EC South Africa Bulgaria Romania accession,2005,6,710,100,642,,,,,,,,,,,,,,,,,,,,,,,,,,,,,,,,,,,,,,,,,,,,,,,,,,,,,,,,,,,,,,,,,,,,,,,,,,,,,,,,,,,,,,,,
347,347+1,EC South Africa Cyprus Czech Republic Estonia Hungary Latvia Lithuania Malta Poland Slovakia Slovenia accession,2003,6,710,196,203,233,348,428,440,470,616,703,705,,,,,,,,,,,,,,,,,,,,,,,,,,,,,,,,,,,,,,,,,,,,,,,,,,,,,,,,,,,,,,,,,,,,,,,,,,,,,,,,
349,349+1,EC Sweden Portugal Spain accession,1985,6,752,620,724,,,,,,,,,,,,,,,,,,,,,,,,,,,,,,,,,,,,,,,,,,,,,,,,,,,,,,,,,,,,,,,,,,,,,,,,,,,,,,,,,,,,,,,,
350,350+2,EC Switzerland Liechtenstein Austria Finland Sweden accession,1994,6,756,438,40,246,752,,,,,,,,,,,,,,,,,,,,,,,,,,,,,,,,,,,,,,,,,,,,,,,,,,,,,,,,,,,,,,,,,,,,,,,,,,,,,,,,,,,,,,
350,350+3,EC Switzerland Liechtenstein Cyprus Czech Republic Estonia Hungary Latvia Lithuania Malta Poland Slovakia Slovenia accession,2003,6,756,438,196,203,233,348,428,440,470,616,703,705,,,,,,,,,,,,,,,,,,,,,,,,,,,,,,,,,,,,,,,,,,,,,,,,,,,,,,,,,,,,,,,,,,,,,,,,,,,,,,,
350,350+4,EC Switzerland Liechtenstein EC Bulgaria Romania accession,2005,6,756,438,100,642,,,,,,,,,,,,,,,,,,,,,,,,,,,,,,,,,,,,,,,,,,,,,,,,,,,,,,,,,,,,,,,,,,,,,,,,,,,,,,,,,,,,,,,
350,350+1,EC Switzerland Liechtenstein Portugal Spain accession,1985,6,756,438,620,724,,,,,,,,,,,,,,,,,,,,,,,,,,,,,,,,,,,,,,,,,,,,,,,,,,,,,,,,,,,,,,,,,,,,,,,,,,,,,,,,,,,,,,,
351,351+2,EC Syria Austria Finland Sweden accession,1994,6,760,40,246,752,,,,,,,,,,,,,,,,,,,,,,,,,,,,,,,,,,,,,,,,,,,,,,,,,,,,,,,,,,,,,,,,,,,,,,,,,,,,,,,,,,,,,,,
351,351+4,EC Syria Bulgaria Romania accession,2005,6,760,100,642,,,,,,,,,,,,,,,,,,,,,,,,,,,,,,,,,,,,,,,,,,,,,,,,,,,,,,,,,,,,,,,,,,,,,,,,,,,,,,,,,,,,,,,,
351,351+3,EC Syria Cyprus Czech Republic Estonia Hungary Latvia Lithuania Malta Poland Slovakia Slovenia accession,2003,6,760,196,203,233,348,428,440,470,616,703,705,,,,,,,,,,,,,,,,,,,,,,,,,,,,,,,,,,,,,,,,,,,,,,,,,,,,,,,,,,,,,,,,,,,,,,,,,,,,,,,,
351,351+1,EC Syria Portugal Spain accession,1985,6,760,620,724,,,,,,,,,,,,,,,,,,,,,,,,,,,,,,,,,,,,,,,,,,,,,,,,,,,,,,,,,,,,,,,,,,,,,,,,,,,,,,,,,,,,,,,,
352,352+2,EC Tunisia Austria Finland Sweden accession,1994,6,788,40,246,752,,,,,,,,,,,,,,,,,,,,,,,,,,,,,,,,,,,,,,,,,,,,,,,,,,,,,,,,,,,,,,,,,,,,,,,,,,,,,,,,,,,,,,,
354,354+2,EC Tunisia Euro-Med Association Agreement Bulgaria Romania accession,2005,6,788,100,642,,,,,,,,,,,,,,,,,,,,,,,,,,,,,,,,,,,,,,,,,,,,,,,,,,,,,,,,,,,,,,,,,,,,,,,,,,,,,,,,,,,,,,,,
354,354+1,EC Tunisia Euro-Med Association Agreement Cyprus Czech Republic Estonia Hungary Latvia Lithuania Malta Poland Slovakia Slovenia accession,2003,6,788,196,203,233,348,428,440,470,616,703,705,,,,,,,,,,,,,,,,,,,,,,,,,,,,,,,,,,,,,,,,,,,,,,,,,,,,,,,,,,,,,,,,,,,,,,,,,,,,,,,,
352,352+1,EC Tunisia Portugal Spain accession,1985,6,788,620,724,,,,,,,,,,,,,,,,,,,,,,,,,,,,,,,,,,,,,,,,,,,,,,,,,,,,,,,,,,,,,,,,,,,,,,,,,,,,,,,,,,,,,,,,
357,357+2,EC Turkey Association Agreement (Ankara Agreement) Austria Finland Sweden accession,1994,6,792,40,246,752,,,,,,,,,,,,,,,,,,,,,,,,,,,,,,,,,,,,,,,,,,,,,,,,,,,,,,,,,,,,,,,,,,,,,,,,,,,,,,,,,,,,,,,
357,357+1,EC Turkey Association Agreement (Ankara Agreement) Portugal Spain accession,1985,6,792,620,724,,,,,,,,,,,,,,,,,,,,,,,,,,,,,,,,,,,,,,,,,,,,,,,,,,,,,,,,,,,,,,,,,,,,,,,,,,,,,,,,,,,,,,,,
355,355+2,EC Turkey Bulgaria Romania accession,2005,6,792,100,642,,,,,,,,,,,,,,,,,,,,,,,,,,,,,,,,,,,,,,,,,,,,,,,,,,,,,,,,,,,,,,,,,,,,,,,,,,,,,,,,,,,,,,,,
355,355+1,EC Turkey Cyprus Czech Republic Estonia Hungary Latvia Lithuania Malta Poland Slovakia Slovenia accession,2003,6,792,196,203,233,348,428,440,470,616,703,705,,,,,,,,,,,,,,,,,,,,,,,,,,,,,,,,,,,,,,,,,,,,,,,,,,,,,,,,,,,,,,,,,,,,,,,,,,,,,,,,
359,359+1,EC Yugoslavia Portugal Spain accession,1985,6,688,620,724,,,,,,,,,,,,,,,,,,,,,,,,,,,,,,,,,,,,,,,,,,,,,,,,,,,,,,,,,,,,,,,,,,,,,,,,,,,,,,,,,,,,,,,,
361,361+2,Economic and Monetary Community of Central Africa (CEMAC) Democratic Republic of Congo accession,2005,5,120,140,148,226,266,178,678,180,,,,,,,,,,,,,,,,,,,,,,,,,,,,,,,,,,,,,,,,,,,,,,,,,,,,,,,,,,,,,,,,,,,,,,,,,,,,,,,,,,,
361,361+1,Economic and Monetary Community of Central Africa (CEMAC) Sao Tome and Principe accession,2004,5,120,140,148,226,266,178,678,,,,,,,,,,,,,,,,,,,,,,,,,,,,,,,,,,,,,,,,,,,,,,,,,,,,,,,,,,,,,,,,,,,,,,,,,,,,,,,,,,,,
363,363+1,Economic Community of Central African States (ECCAS-CEEAC) Angola accession,1999,5,108,120,140,178,266,226,646,678,148,180,24,,,,,,,,,,,,,,,,,,,,,,,,,,,,,,,,,,,,,,,,,,,,,,,,,,,,,,,,,,,,,,,,,,,,,,,,,,,,,,,,
364,364_1,Economic Community of Central African States (ECCAS-CEEAC) PTA/FTA/CU withdrawal Rwanda,2007,7,24,108,120,140,178,266,226,678,148,180,646,,,,,,,,,,,,,,,,,,,,,,,,,,,,,,,,,,,,,,,,,,,,,,,,,,,,,,,,,,,,,,,,,,,,,,,,,,,,,,,,
366,366+1,Economic Community Of West African States (ECOWAS) Cape Verde accession,1976,5,204,854,384,270,288,624,430,466,478,562,566,686,694,768,132,,,,,,,,,,,,,,,,,,,,,,,,,,,,,,,,,,,,,,,,,,,,,,,,,,,,,,,,,,,,,,,,,,,,,,,,,,,,
367,367_1,Economic Community Of West African States (ECOWAS) withdrawal Mauritania,2000,7,204,854,132,384,270,288,624,430,466,562,566,686,694,768,478,,,,,,,,,,,,,,,,,,,,,,,,,,,,,,,,,,,,,,,,,,,,,,,,,,,,,,,,,,,,,,,,,,,,,,,,,,,,
375,375+2,EFTA Finland accession,1985,5,40,620,756,578,752,246,352,,,,,,,,,,,,,,,,,,,,,,,,,,,,,,,,,,,,,,,,,,,,,,,,,,,,,,,,,,,,,,,,,,,,,,,,,,,,,,,,,,,,
380,380_1,"EFTA Hungary withdrawal Austria, Finland, Sweden",1994,7,438,352,578,756,348,40,246,752,,,,,,,,,,,,,,,,,,,,,,,,,,,,,,,,,,,,,,,,,,,,,,,,,,,,,,,,,,,,,,,,,,,,,,,,,,,,,,,,,,,
375,375+1,EFTA Iceland accession,1969,5,40,208,620,756,578,752,826,352,,,,,,,,,,,,,,,,,,,,,,,,,,,,,,,,,,,,,,,,,,,,,,,,,,,,,,,,,,,,,,,,,,,,,,,,,,,,,,,,,,,
382,382_1,"EFTA Israel withdrawal Austria, Finland, Sweden",1994,7,438,352,578,756,376,40,246,752,,,,,,,,,,,,,,,,,,,,,,,,,,,,,,,,,,,,,,,,,,,,,,,,,,,,,,,,,,,,,,,,,,,,,,,,,,,,,,,,,,,
375,375+3,EFTA Liechtenstein accession,1991,5,40,246,752,352,578,756,438,,,,,,,,,,,,,,,,,,,,,,,,,,,,,,,,,,,,,,,,,,,,,,,,,,,,,,,,,,,,,,,,,,,,,,,,,,,,,,,,,,,,
392,392_1,"EFTA Poland withdrawal Austria, Finland, Sweden",1994,7,438,352,578,756,616,40,246,752,,,,,,,,,,,,,,,,,,,,,,,,,,,,,,,,,,,,,,,,,,,,,,,,,,,,,,,,,,,,,,,,,,,,,,,,,,,,,,,,,,,
393,393_1,"EFTA Romania withdrawal Austria, Finland, Sweden",1994,7,438,352,578,756,642,40,246,752,,,,,,,,,,,,,,,,,,,,,,,,,,,,,,,,,,,,,,,,,,,,,,,,,,,,,,,,,,,,,,,,,,,,,,,,,,,,,,,,,,,
402,402_1,"EFTA Turkey withdrawal Austria, Finland, Sweden",1994,7,438,352,578,756,792,40,246,752,,,,,,,,,,,,,,,,,,,,,,,,,,,,,,,,,,,,,,,,,,,,,,,,,,,,,,,,,,,,,,,,,,,,,,,,,,,,,,,,,,,
375,375_3,"EFTA withdrawal Austria, Finland, Sweden",1995,7,246,352,578,756,438,40,752,,,,,,,,,,,,,,,,,,,,,,,,,,,,,,,,,,,,,,,,,,,,,,,,,,,,,,,,,,,,,,,,,,,,,,,,,,,,,,,,,,,,
375,375_1,EFTA withdrawal Denmark and United Kingdom,1973,7,40,620,756,578,752,352,208,826,,,,,,,,,,,,,,,,,,,,,,,,,,,,,,,,,,,,,,,,,,,,,,,,,,,,,,,,,,,,,,,,,,,,,,,,,,,,,,,,,,,
375,375_2,EFTA withdrawal Portugal,1986,7,40,756,578,752,352,246,620,,,,,,,,,,,,,,,,,,,,,,,,,,,,,,,,,,,,,,,,,,,,,,,,,,,,,,,,,,,,,,,,,,,,,,,,,,,,,,,,,,,,
422,422+1,Equatorial Customs Union Cameroon accession,1961,5,140,148,266,178,120,,,,,,,,,,,,,,,,,,,,,,,,,,,,,,,,,,,,,,,,,,,,,,,,,,,,,,,,,,,,,,,,,,,,,,,,,,,,,,,,,,,,,,
434,434+1,Eurasian Economic Community (EurAsEc) Uzbekistan accession,2006,5,112,398,136,643,762,860,,,,,,,,,,,,,,,,,,,,,,,,,,,,,,,,,,,,,,,,,,,,,,,,,,,,,,,,,,,,,,,,,,,,,,,,,,,,,,,,,,,,,
435,435+1,Eurasian Economic Community (Union of the Five) Kyrgyz Republic accession,1996,5,112,398,643,417,,,,,,,,,,,,,,,,,,,,,,,,,,,,,,,,,,,,,,,,,,,,,,,,,,,,,,,,,,,,,,,,,,,,,,,,,,,,,,,,,,,,,,,
435,435+2,Eurasian Economic Community (Union of the Five) Tajikistan accession,1998,5,112,398,643,417,762,,,,,,,,,,,,,,,,,,,,,,,,,,,,,,,,,,,,,,,,,,,,,,,,,,,,,,,,,,,,,,,,,,,,,,,,,,,,,,,,,,,,,,
437,437+31,European Economic Area (EEA) Bulgaria accession,2005,6,352,438,578,100,,,,,,,,,,,,,,,,,,,,,,,,,,,,,,,,,,,,,,,,,,,,,,,,,,,,,,,,,,,,,,,,,,,,,,,,,,,,,,,,,,,,,,,
437,437+2,"European Economic Area (EEA) Czech Republic, Estonia, Cyprus, Latvia, Lithuania, Hungary, Malta, Poland, Slovak Republic and Slovenia accession",2003,6,56,208,276,250,300,724,372,380,442,528,620,826,40,246,352,438,578,752,438,203,233,196,428,440,348,470,620,703,705,,,,,,,,,,,,,,,,,,,,,,,,,,,,,,,,,,,,,,,,,,,,,,,,,,,,,,,,,,,,,,
437,437+1,European Economic Area (EEA) Liechtenstein accession,1992,5,56,208,276,250,300,724,372,380,442,528,620,826,40,246,352,438,578,752,438,,,,,,,,,,,,,,,,,,,,,,,,,,,,,,,,,,,,,,,,,,,,,,,,,,,,,,,,,,,,,,,,,,,,,,,,
437,437+32,European Economic Area (EEA) Romania accession,2005,6,352,438,578,642,,,,,,,,,,,,,,,,,,,,,,,,,,,,,,,,,,,,,,,,,,,,,,,,,,,,,,,,,,,,,,,,,,,,,,,,,,,,,,,,,,,,,,,
461,461_1,Global System of Trade Preferences (GSTP) withdrawal Romania,2007,7,12,32,24,50,204,68,76,120,152,170,192,408,410,218,818,288,324,328,332,356,360,364,368,434,458,484,504,508,558,566,586,604,634,608,702,144,736,764,780,788,834,858,862,704,716,180,688,642,,,,,,,,,,,,,,,,,,,,,,,,,,,,,,,,,,,,,,,,,,,
462,462+1,Greater Arab Free Trade Agreement Algeria accession,2002,5,48,818,368,400,414,422,434,504,512,634,682,736,706,760,788,784,887,275,12,,,,,,,,,,,,,,,,,,,,,,,,,,,,,,,,,,,,,,,,,,,,,,,,,,,,,,,,,,,,,,,,,,,,,,,,
465,465_1,Group of Three Auto Agreement withdrawal Venezuela,2006,7,170,484,862,,,,,,,,,,,,,,,,,,,,,,,,,,,,,,,,,,,,,,,,,,,,,,,,,,,,,,,,,,,,,,,,,,,,,,,,,,,,,,,,,,,,,,,,
464,464_1,Group of Three withdrawal Venezuela,2006,7,170,484,862,,,,,,,,,,,,,,,,,,,,,,,,,,,,,,,,,,,,,,,,,,,,,,,,,,,,,,,,,,,,,,,,,,,,,,,,,,,,,,,,,,,,,,,,
490,490+1,India MERCOSUR Venezuela accession,2006,6,356,862,,,,,,,,,,,,,,,,,,,,,,,,,,,,,,,,,,,,,,,,,,,,,,,,,,,,,,,,,,,,,,,,,,,,,,,,,,,,,,,,,,,,,,,,,
561,561+3,Latin American Free Trade Area (LAFTA) Bolivia accession,1967,5,32,76,152,484,600,604,858,170,218,862,68,,,,,,,,,,,,,,,,,,,,,,,,,,,,,,,,,,,,,,,,,,,,,,,,,,,,,,,,,,,,,,,,,,,,,,,,,,,,,,,,
561,561+1,Latin American Free Trade Area (LAFTA) Colombia and Ecuador accession,1961,5,32,76,152,484,600,604,858,170,218,,,,,,,,,,,,,,,,,,,,,,,,,,,,,,,,,,,,,,,,,,,,,,,,,,,,,,,,,,,,,,,,,,,,,,,,,,,,,,,,,,
561,561+2,Latin American Free Trade Area (LAFTA) Venezuela accession,1966,5,32,76,152,484,600,604,858,170,218,862,,,,,,,,,,,,,,,,,,,,,,,,,,,,,,,,,,,,,,,,,,,,,,,,,,,,,,,,,,,,,,,,,,,,,,,,,,,,,,,,,
562,562+1,Latin American Integration Association Cuba accession,1998,5,32,68,76,152,170,218,484,600,604,858,862,192,,,,,,,,,,,,,,,,,,,,,,,,,,,,,,,,,,,,,,,,,,,,,,,,,,,,,,,,,,,,,,,,,,,,,,,,,,,,,,,
603,603+1,Melanesian Spearhead Group (MSG ) Fiji accession,1998,5,598,90,548,242,,,,,,,,,,,,,,,,,,,,,,,,,,,,,,,,,,,,,,,,,,,,,,,,,,,,,,,,,,,,,,,,,,,,,,,,,,,,,,,,,,,,,,,
605,605+1,MERCOSUR Mexico Auto Agreement Venezuela accession,2006,6,484,862,,,,,,,,,,,,,,,,,,,,,,,,,,,,,,,,,,,,,,,,,,,,,,,,,,,,,,,,,,,,,,,,,,,,,,,,,,,,,,,,,,,,,,,,,
606,606+1,MERCOSUR Peru Venezuela accession,2006,6,604,862,,,,,,,,,,,,,,,,,,,,,,,,,,,,,,,,,,,,,,,,,,,,,,,,,,,,,,,,,,,,,,,,,,,,,,,,,,,,,,,,,,,,,,,,,
608,608+1,MERCOSUR SACU Venezuela accession,2006,6,72,426,516,748,710,862,,,,,,,,,,,,,,,,,,,,,,,,,,,,,,,,,,,,,,,,,,,,,,,,,,,,,,,,,,,,,,,,,,,,,,,,,,,,,,,,,,,,,
604,604+1,MERCOSUR Venezuela accession,2006,5,32,76,600,858,862,,,,,,,,,,,,,,,,,,,,,,,,,,,,,,,,,,,,,,,,,,,,,,,,,,,,,,,,,,,,,,,,,,,,,,,,,,,,,,,,,,,,,,
639,639+1,Pacific Island Countries Trade Agreement (PICTA ) Papua New Guinea and Solomon Islands accession,2002,5,184,242,296,520,570,882,776,798,548,598,90,,,,,,,,,,,,,,,,,,,,,,,,,,,,,,,,,,,,,,,,,,,,,,,,,,,,,,,,,,,,,,,,,,,,,,,,,,,,,,,,
647,647_1,Protocol on Trade Negotiations (PTN) withdrawal Greece,1981,7,76,152,818,356,376,484,604,410,586,608,788,792,858,688,724,300,,,,,,,,,,,,,,,,,,,,,,,,,,,,,,,,,,,,,,,,,,,,,,,,,,,,,,,,,,,,,,,,,,,,,,,,,,,
647,647_2,Protocol on Trade Negotiations (PTN) withdrawal Spain,1987,7,76,152,818,356,376,484,604,410,586,608,788,792,858,688,724,,,,,,,,,,,,,,,,,,,,,,,,,,,,,,,,,,,,,,,,,,,,,,,,,,,,,,,,,,,,,,,,,,,,,,,,,,,,
667,667+1,South Asian Free Trade Area (SAFTA) Afghanistan accession,2008,5,50,64,356,462,524,586,144,4,,,,,,,,,,,,,,,,,,,,,,,,,,,,,,,,,,,,,,,,,,,,,,,,,,,,,,,,,,,,,,,,,,,,,,,,,,,,,,,,,,,
672,672+3,Southern African Development Community (SADC) Angola accession,2003,5,72,426,480,454,508,516,748,834,894,716,710,180,690,24,,,,,,,,,,,,,,,,,,,,,,,,,,,,,,,,,,,,,,,,,,,,,,,,,,,,,,,,,,,,,,,,,,,,,,,,,,,,,
672,672+1,Southern African Development Community (SADC) DR Congo accession,1997,5,72,426,480,454,508,516,748,834,894,716,710,180,,,,,,,,,,,,,,,,,,,,,,,,,,,,,,,,,,,,,,,,,,,,,,,,,,,,,,,,,,,,,,,,,,,,,,,,,,,,,,,
672,672+4,Southern African Development Community (SADC) Madagascar accession,2006,5,72,426,480,454,508,516,748,834,894,716,710,180,690,24,450,,,,,,,,,,,,,,,,,,,,,,,,,,,,,,,,,,,,,,,,,,,,,,,,,,,,,,,,,,,,,,,,,,,,,,,,,,,,
671,671+2,Southern African Development Community (SADC) Mauritius accession,1995,5,24,72,426,516,454,508,748,834,894,716,710,480,,,,,,,,,,,,,,,,,,,,,,,,,,,,,,,,,,,,,,,,,,,,,,,,,,,,,,,,,,,,,,,,,,,,,,,,,,,,,,,
672,672+2,Southern African Development Community (SADC) Seychelles accession,1997,5,72,426,480,454,508,516,748,834,894,716,710,180,690,,,,,,,,,,,,,,,,,,,,,,,,,,,,,,,,,,,,,,,,,,,,,,,,,,,,,,,,,,,,,,,,,,,,,,,,,,,,,,
671,671+1,Southern African Development Community (SADC) South Africa accession,1994,5,24,72,426,516,454,508,748,834,894,716,710,,,,,,,,,,,,,,,,,,,,,,,,,,,,,,,,,,,,,,,,,,,,,,,,,,,,,,,,,,,,,,,,,,,,,,,,,,,,,,,,
688,688+1,West African Economic and Monetary Union Guinea-Bissau accession,1997,5,204,854,384,466,562,686,768,624,,,,,,,,,,,,,,,,,,,,,,,,,,,,,,,,,,,,,,,,,,,,,,,,,,,,,,,,,,,,,,,,,,,,,,,,,,,,,,,,,,,
780,780+1,West African Economic Community (CEAO) Benin accession,1985,5,686,466,478,562,854,384,204,,,,,,,,,,,,,,,,,,,,,,,,,,,,,,,,,,,,,,,,,,,,,,,,,,,,,,,,,,,,,,,,,,,,,,,,,,,,,,,,,,,,